#,Agent ID,First Name,Last Name,Office ID,Office Name,Office Address,Office City,Office Zip,Office County,Phone 1,Phone 1 Type,Phone 2,Phone 2 Type,Phone 3,Phone 3 Type,EMail,Alt. Address,Alt. City,Alt. Zip,Total # <09/01/2023 - 08/31/2024>,Total $ <09/01/2023 - 08/31/2024>,Total # (LTM),Total $ (LTM),$ Change,% Change
1,AR41515,Thomas,Yang,31079,"Kodmann, Inc.",2150 E. 25th Street,Vernon,90058,Los Angeles,,,626-532-7159,Cell,,,yangthomas@outlook.com,9037 Ranch Real Rd,Temple City,,1.5,1460000,2,1460000.0,1460000,
2,A38781,Michael,Kao,31079,"Kodmann, Inc.",2150 E. 25th Street,Vernon,90058,Los Angeles,,,626-872-7678,Cell,,,michaelcjkao@gmail.com,360 W. Sharon Rd.,Arcadia,91007,0.0,0,0,0.0,-1080000,
2,DWSHAJOS,Joshua,Shadpour,DWJIS,Joshua Shadpour,5139 Pacific Blvd,Vernon,90058,Los Angeles,310-228-7300,Hm,310-228-7300,Cell,310-228-7300,Dir,josh@shadpour.com,5139 Pacific Blvd,Vernon,90058,0.0,0,0,0.0,-1050000,
